rcsB	wcaB	1
rcsB	rcsA	1
rcsB	osmB	1
rcsB	wcaA	1
rcsB	rprA	1
rcsB	wzb	1
rcsB	wza	1
rcsB	bdm	1
rcsB	wzc	1
rcsB	yjbH	1
rcsB	yjbF	1
rcsB	yjbE	1
rcsB	ftsA	1
rcsB	ftsZ	1
rcsB	yjbG	1
rcsB	osmC	1
rcsB	sra	1
rcsB	csgE	1
rcsB	csgD	1
rcsB	csgF	1
rcsB	csgG	1
rcsA	wcaB	1
rcsA	osmB	1
rcsA	wcaA	1
rcsA	rprA	1
rcsA	wzb	1
rcsA	wza	1
rcsA	bdm	1
rcsA	wzc	1
rcsA	yjbH	1
rcsA	yjbF	1
rcsA	yjbE	1
rcsA	ftsA	1
rcsA	ftsZ	1
rcsA	yjbG	1
rcsA	osmC	1
rcsA	sra	1
rcsA	csgE	1
rcsA	csgD	1
rcsA	csgF	1
rcsA	csgG	1
sdiA	ftsA	1
sdiA	ftsZ	1
csgD	csgE	1
csgD	csgF	1
csgD	csgG	1
csgD	csgB	1
csgD	csgA	1
csgD	csgC	1
csgD	adrA	1
csgD	iraP	1
ompR	sra	1
ompR	csgE	1
ompR	csgD	1
ompR	csgF	1
ompR	csgG	1
ompR	ompF	1
ompR	ompC	1
ompR	ecnB	1
ompR	omrB	1
rstA	csgE	1
rstA	csgD	1
rstA	csgF	1
rstA	csgG	1
rstA	ompF	1
cpxR	csgE	1
cpxR	csgD	1
cpxR	csgF	1
cpxR	csgG	1
cpxR	ompF	1
cpxR	csgB	1
cpxR	csgA	1
cpxR	csgC	1
cpxR	ompC	1
cpxR	yccA	1
cpxR	rseB	1
cpxR	cheA	1
cpxR	dsbA	1
cpxR	rdoA	1
cpxR	ftnB	1
cpxR	tsr	1
cpxR	rseA	1
cpxR	yqjA	1
cpxR	bacA	1
cpxR	ydeH	1
cpxR	motB	1
cpxR	ppiD	1
cpxR	cpxP	1
envY	ompF	1
envY	ompC	1
wcaB	rcsB	0
wcaB	rcsA	0
wcaB	osmB	0
wcaB	wcaA	0
wcaB	rprA	0
wcaB	wzb	0
wcaB	wza	0
wcaB	bdm	0
wcaB	wzc	0
wcaB	yjbH	0
wcaB	yjbF	0
wcaB	yjbE	0
wcaB	ftsA	0
wcaB	ftsZ	0
wcaB	yjbG	0
wcaB	sdiA	0
wcaB	osmC	0
wcaB	sra	0
wcaB	csgE	0
wcaB	csgD	0
wcaB	csgF	0
wcaB	ompR	0
wcaB	csgG	0
wcaB	rstA	0
wcaB	cpxR	0
wcaB	ompF	0
wcaB	csgB	0
wcaB	csgA	0
wcaB	csgC	0
wcaB	ompC	0
wcaB	envY	0
wcaB	yccA	0
wcaB	rseB	0
wcaB	ecnB	0
wcaB	cheA	0
wcaB	dsbA	0
wcaB	rdoA	0
wcaB	ftnB	0
wcaB	tsr	0
wcaB	rseA	0
wcaB	yqjA	0
wcaB	bacA	0
wcaB	ydeH	0
wcaB	motB	0
wcaB	ppiD	0
wcaB	cpxP	0
wcaB	adrA	0
wcaB	iraP	0
wcaB	omrB	0
rcsB	sdiA	0
rcsB	ompR	0
rcsB	rstA	0
rcsB	cpxR	0
rcsB	ompF	0
rcsB	csgB	0
rcsB	csgA	0
rcsB	csgC	0
rcsB	ompC	0
rcsB	envY	0
rcsB	yccA	0
rcsB	rseB	0
rcsB	ecnB	0
rcsB	cheA	0
rcsB	dsbA	0
rcsB	rdoA	0
rcsB	ftnB	0
rcsB	tsr	0
rcsB	rseA	0
rcsB	yqjA	0
rcsB	bacA	0
rcsB	ydeH	0
rcsB	motB	0
rcsB	ppiD	0
rcsB	cpxP	0
rcsB	adrA	0
rcsB	iraP	0
rcsB	omrB	0
rcsA	rcsB	0
rcsA	sdiA	0
rcsA	ompR	0
rcsA	rstA	0
rcsA	cpxR	0
rcsA	ompF	0
rcsA	csgB	0
rcsA	csgA	0
rcsA	csgC	0
rcsA	ompC	0
rcsA	envY	0
rcsA	yccA	0
rcsA	rseB	0
rcsA	ecnB	0
rcsA	cheA	0
rcsA	dsbA	0
rcsA	rdoA	0
rcsA	ftnB	0
rcsA	tsr	0
rcsA	rseA	0
rcsA	yqjA	0
rcsA	bacA	0
rcsA	ydeH	0
rcsA	motB	0
rcsA	ppiD	0
rcsA	cpxP	0
rcsA	adrA	0
rcsA	iraP	0
rcsA	omrB	0
osmB	wcaB	0
osmB	rcsB	0
osmB	rcsA	0
osmB	wcaA	0
osmB	rprA	0
osmB	wzb	0
osmB	wza	0
osmB	bdm	0
osmB	wzc	0
osmB	yjbH	0
osmB	yjbF	0
osmB	yjbE	0
osmB	ftsA	0
osmB	ftsZ	0
osmB	yjbG	0
osmB	sdiA	0
osmB	osmC	0
osmB	sra	0
osmB	csgE	0
osmB	csgD	0
osmB	csgF	0
osmB	ompR	0
osmB	csgG	0
osmB	rstA	0
osmB	cpxR	0
osmB	ompF	0
osmB	csgB	0
osmB	csgA	0
osmB	csgC	0
osmB	ompC	0
osmB	envY	0
osmB	yccA	0
osmB	rseB	0
osmB	ecnB	0
osmB	cheA	0
osmB	dsbA	0
osmB	rdoA	0
osmB	ftnB	0
osmB	tsr	0
osmB	rseA	0
osmB	yqjA	0
osmB	bacA	0
osmB	ydeH	0
osmB	motB	0
osmB	ppiD	0
osmB	cpxP	0
osmB	adrA	0
osmB	iraP	0
osmB	omrB	0
wcaA	wcaB	0
wcaA	rcsB	0
wcaA	rcsA	0
wcaA	osmB	0
wcaA	rprA	0
wcaA	wzb	0
wcaA	wza	0
wcaA	bdm	0
wcaA	wzc	0
wcaA	yjbH	0
wcaA	yjbF	0
wcaA	yjbE	0
wcaA	ftsA	0
wcaA	ftsZ	0
wcaA	yjbG	0
wcaA	sdiA	0
wcaA	osmC	0
wcaA	sra	0
wcaA	csgE	0
wcaA	csgD	0
wcaA	csgF	0
wcaA	ompR	0
wcaA	csgG	0
wcaA	rstA	0
wcaA	cpxR	0
wcaA	ompF	0
wcaA	csgB	0
wcaA	csgA	0
wcaA	csgC	0
wcaA	ompC	0
wcaA	envY	0
wcaA	yccA	0
wcaA	rseB	0
wcaA	ecnB	0
wcaA	cheA	0
wcaA	dsbA	0
wcaA	rdoA	0
wcaA	ftnB	0
wcaA	tsr	0
wcaA	rseA	0
wcaA	yqjA	0
wcaA	bacA	0
wcaA	ydeH	0
wcaA	motB	0
wcaA	ppiD	0
wcaA	cpxP	0
wcaA	adrA	0
wcaA	iraP	0
wcaA	omrB	0
rprA	wcaB	0
rprA	rcsB	0
rprA	rcsA	0
rprA	osmB	0
rprA	wcaA	0
rprA	wzb	0
rprA	wza	0
rprA	bdm	0
rprA	wzc	0
rprA	yjbH	0
rprA	yjbF	0
rprA	yjbE	0
rprA	ftsA	0
rprA	ftsZ	0
rprA	yjbG	0
rprA	sdiA	0
rprA	osmC	0
rprA	sra	0
rprA	csgE	0
rprA	csgD	0
rprA	csgF	0
rprA	ompR	0
rprA	csgG	0
rprA	rstA	0
rprA	cpxR	0
rprA	ompF	0
rprA	csgB	0
rprA	csgA	0
rprA	csgC	0
rprA	ompC	0
rprA	envY	0
rprA	yccA	0
rprA	rseB	0
rprA	ecnB	0
rprA	cheA	0
rprA	dsbA	0
rprA	rdoA	0
rprA	ftnB	0
rprA	tsr	0
rprA	rseA	0
rprA	yqjA	0
rprA	bacA	0
rprA	ydeH	0
rprA	motB	0
rprA	ppiD	0
rprA	cpxP	0
rprA	adrA	0
rprA	iraP	0
rprA	omrB	0
wzb	wcaB	0
wzb	rcsB	0
wzb	rcsA	0
wzb	osmB	0
wzb	wcaA	0
wzb	rprA	0
wzb	wza	0
wzb	bdm	0
wzb	wzc	0
wzb	yjbH	0
wzb	yjbF	0
wzb	yjbE	0
wzb	ftsA	0
wzb	ftsZ	0
wzb	yjbG	0
wzb	sdiA	0
wzb	osmC	0
wzb	sra	0
wzb	csgE	0
wzb	csgD	0
wzb	csgF	0
wzb	ompR	0
wzb	csgG	0
wzb	rstA	0
wzb	cpxR	0
wzb	ompF	0
wzb	csgB	0
wzb	csgA	0
wzb	csgC	0
wzb	ompC	0
wzb	envY	0
wzb	yccA	0
wzb	rseB	0
wzb	ecnB	0
wzb	cheA	0
wzb	dsbA	0
wzb	rdoA	0
wzb	ftnB	0
wzb	tsr	0
wzb	rseA	0
wzb	yqjA	0
wzb	bacA	0
wzb	ydeH	0
wzb	motB	0
wzb	ppiD	0
wzb	cpxP	0
wzb	adrA	0
wzb	iraP	0
wzb	omrB	0
wza	wcaB	0
wza	rcsB	0
wza	rcsA	0
wza	osmB	0
wza	wcaA	0
wza	rprA	0
wza	wzb	0
wza	bdm	0
wza	wzc	0
wza	yjbH	0
wza	yjbF	0
wza	yjbE	0
wza	ftsA	0
wza	ftsZ	0
wza	yjbG	0
wza	sdiA	0
wza	osmC	0
wza	sra	0
wza	csgE	0
wza	csgD	0
wza	csgF	0
wza	ompR	0
wza	csgG	0
wza	rstA	0
wza	cpxR	0
wza	ompF	0
wza	csgB	0
wza	csgA	0
wza	csgC	0
wza	ompC	0
wza	envY	0
wza	yccA	0
wza	rseB	0
wza	ecnB	0
wza	cheA	0
wza	dsbA	0
wza	rdoA	0
wza	ftnB	0
wza	tsr	0
wza	rseA	0
wza	yqjA	0
wza	bacA	0
wza	ydeH	0
wza	motB	0
wza	ppiD	0
wza	cpxP	0
wza	adrA	0
wza	iraP	0
wza	omrB	0
bdm	wcaB	0
bdm	rcsB	0
bdm	rcsA	0
bdm	osmB	0
bdm	wcaA	0
bdm	rprA	0
bdm	wzb	0
bdm	wza	0
bdm	wzc	0
bdm	yjbH	0
bdm	yjbF	0
bdm	yjbE	0
bdm	ftsA	0
bdm	ftsZ	0
bdm	yjbG	0
bdm	sdiA	0
bdm	osmC	0
bdm	sra	0
bdm	csgE	0
bdm	csgD	0
bdm	csgF	0
bdm	ompR	0
bdm	csgG	0
bdm	rstA	0
bdm	cpxR	0
bdm	ompF	0
bdm	csgB	0
bdm	csgA	0
bdm	csgC	0
bdm	ompC	0
bdm	envY	0
bdm	yccA	0
bdm	rseB	0
bdm	ecnB	0
bdm	cheA	0
bdm	dsbA	0
bdm	rdoA	0
bdm	ftnB	0
bdm	tsr	0
bdm	rseA	0
bdm	yqjA	0
bdm	bacA	0
bdm	ydeH	0
bdm	motB	0
bdm	ppiD	0
bdm	cpxP	0
bdm	adrA	0
bdm	iraP	0
bdm	omrB	0
wzc	wcaB	0
wzc	rcsB	0
wzc	rcsA	0
wzc	osmB	0
wzc	wcaA	0
wzc	rprA	0
wzc	wzb	0
wzc	wza	0
wzc	bdm	0
wzc	yjbH	0
wzc	yjbF	0
wzc	yjbE	0
wzc	ftsA	0
wzc	ftsZ	0
wzc	yjbG	0
wzc	sdiA	0
wzc	osmC	0
wzc	sra	0
wzc	csgE	0
wzc	csgD	0
wzc	csgF	0
wzc	ompR	0
wzc	csgG	0
wzc	rstA	0
wzc	cpxR	0
wzc	ompF	0
wzc	csgB	0
wzc	csgA	0
wzc	csgC	0
wzc	ompC	0
wzc	envY	0
wzc	yccA	0
wzc	rseB	0
wzc	ecnB	0
wzc	cheA	0
wzc	dsbA	0
wzc	rdoA	0
wzc	ftnB	0
wzc	tsr	0
wzc	rseA	0
wzc	yqjA	0
wzc	bacA	0
wzc	ydeH	0
wzc	motB	0
wzc	ppiD	0
wzc	cpxP	0
wzc	adrA	0
wzc	iraP	0
wzc	omrB	0
yjbH	wcaB	0
yjbH	rcsB	0
yjbH	rcsA	0
yjbH	osmB	0
yjbH	wcaA	0
yjbH	rprA	0
yjbH	wzb	0
yjbH	wza	0
yjbH	bdm	0
yjbH	wzc	0
yjbH	yjbF	0
yjbH	yjbE	0
yjbH	ftsA	0
yjbH	ftsZ	0
yjbH	yjbG	0
yjbH	sdiA	0
yjbH	osmC	0
yjbH	sra	0
yjbH	csgE	0
yjbH	csgD	0
yjbH	csgF	0
yjbH	ompR	0
yjbH	csgG	0
yjbH	rstA	0
yjbH	cpxR	0
yjbH	ompF	0
yjbH	csgB	0
yjbH	csgA	0
yjbH	csgC	0
yjbH	ompC	0
yjbH	envY	0
yjbH	yccA	0
yjbH	rseB	0
yjbH	ecnB	0
yjbH	cheA	0
yjbH	dsbA	0
yjbH	rdoA	0
yjbH	ftnB	0
yjbH	tsr	0
yjbH	rseA	0
yjbH	yqjA	0
yjbH	bacA	0
yjbH	ydeH	0
yjbH	motB	0
yjbH	ppiD	0
yjbH	cpxP	0
yjbH	adrA	0
yjbH	iraP	0
yjbH	omrB	0
yjbF	wcaB	0
yjbF	rcsB	0
yjbF	rcsA	0
yjbF	osmB	0
yjbF	wcaA	0
yjbF	rprA	0
yjbF	wzb	0
yjbF	wza	0
yjbF	bdm	0
yjbF	wzc	0
yjbF	yjbH	0
yjbF	yjbE	0
yjbF	ftsA	0
yjbF	ftsZ	0
yjbF	yjbG	0
yjbF	sdiA	0
yjbF	osmC	0
yjbF	sra	0
yjbF	csgE	0
yjbF	csgD	0
yjbF	csgF	0
yjbF	ompR	0
yjbF	csgG	0
yjbF	rstA	0
yjbF	cpxR	0
yjbF	ompF	0
yjbF	csgB	0
yjbF	csgA	0
yjbF	csgC	0
yjbF	ompC	0
yjbF	envY	0
yjbF	yccA	0
yjbF	rseB	0
yjbF	ecnB	0
yjbF	cheA	0
yjbF	dsbA	0
yjbF	rdoA	0
yjbF	ftnB	0
yjbF	tsr	0
yjbF	rseA	0
yjbF	yqjA	0
yjbF	bacA	0
yjbF	ydeH	0
yjbF	motB	0
yjbF	ppiD	0
yjbF	cpxP	0
yjbF	adrA	0
yjbF	iraP	0
yjbF	omrB	0
yjbE	wcaB	0
yjbE	rcsB	0
yjbE	rcsA	0
yjbE	osmB	0
yjbE	wcaA	0
yjbE	rprA	0
yjbE	wzb	0
yjbE	wza	0
yjbE	bdm	0
yjbE	wzc	0
yjbE	yjbH	0
yjbE	yjbF	0
yjbE	ftsA	0
yjbE	ftsZ	0
yjbE	yjbG	0
yjbE	sdiA	0
yjbE	osmC	0
yjbE	sra	0
yjbE	csgE	0
yjbE	csgD	0
yjbE	csgF	0
yjbE	ompR	0
yjbE	csgG	0
yjbE	rstA	0
yjbE	cpxR	0
yjbE	ompF	0
yjbE	csgB	0
yjbE	csgA	0
yjbE	csgC	0
yjbE	ompC	0
yjbE	envY	0
yjbE	yccA	0
yjbE	rseB	0
yjbE	ecnB	0
yjbE	cheA	0
yjbE	dsbA	0
yjbE	rdoA	0
yjbE	ftnB	0
yjbE	tsr	0
yjbE	rseA	0
yjbE	yqjA	0
yjbE	bacA	0
yjbE	ydeH	0
yjbE	motB	0
yjbE	ppiD	0
yjbE	cpxP	0
yjbE	adrA	0
yjbE	iraP	0
yjbE	omrB	0
ftsA	wcaB	0
ftsA	rcsB	0
ftsA	rcsA	0
ftsA	osmB	0
ftsA	wcaA	0
ftsA	rprA	0
ftsA	wzb	0
ftsA	wza	0
ftsA	bdm	0
ftsA	wzc	0
ftsA	yjbH	0
ftsA	yjbF	0
ftsA	yjbE	0
ftsA	ftsZ	0
ftsA	yjbG	0
ftsA	sdiA	0
ftsA	osmC	0
ftsA	sra	0
ftsA	csgE	0
ftsA	csgD	0
ftsA	csgF	0
ftsA	ompR	0
ftsA	csgG	0
ftsA	rstA	0
ftsA	cpxR	0
ftsA	ompF	0
ftsA	csgB	0
ftsA	csgA	0
ftsA	csgC	0
ftsA	ompC	0
ftsA	envY	0
ftsA	yccA	0
ftsA	rseB	0
ftsA	ecnB	0
ftsA	cheA	0
ftsA	dsbA	0
ftsA	rdoA	0
ftsA	ftnB	0
ftsA	tsr	0
ftsA	rseA	0
ftsA	yqjA	0
ftsA	bacA	0
ftsA	ydeH	0
ftsA	motB	0
ftsA	ppiD	0
ftsA	cpxP	0
ftsA	adrA	0
ftsA	iraP	0
ftsA	omrB	0
ftsZ	wcaB	0
ftsZ	rcsB	0
ftsZ	rcsA	0
ftsZ	osmB	0
ftsZ	wcaA	0
ftsZ	rprA	0
ftsZ	wzb	0
ftsZ	wza	0
ftsZ	bdm	0
ftsZ	wzc	0
ftsZ	yjbH	0
ftsZ	yjbF	0
ftsZ	yjbE	0
ftsZ	ftsA	0
ftsZ	yjbG	0
ftsZ	sdiA	0
ftsZ	osmC	0
ftsZ	sra	0
ftsZ	csgE	0
ftsZ	csgD	0
ftsZ	csgF	0
ftsZ	ompR	0
ftsZ	csgG	0
ftsZ	rstA	0
ftsZ	cpxR	0
ftsZ	ompF	0
ftsZ	csgB	0
ftsZ	csgA	0
ftsZ	csgC	0
ftsZ	ompC	0
ftsZ	envY	0
ftsZ	yccA	0
ftsZ	rseB	0
ftsZ	ecnB	0
ftsZ	cheA	0
ftsZ	dsbA	0
ftsZ	rdoA	0
ftsZ	ftnB	0
ftsZ	tsr	0
ftsZ	rseA	0
ftsZ	yqjA	0
ftsZ	bacA	0
ftsZ	ydeH	0
ftsZ	motB	0
ftsZ	ppiD	0
ftsZ	cpxP	0
ftsZ	adrA	0
ftsZ	iraP	0
ftsZ	omrB	0
yjbG	wcaB	0
yjbG	rcsB	0
yjbG	rcsA	0
yjbG	osmB	0
yjbG	wcaA	0
yjbG	rprA	0
yjbG	wzb	0
yjbG	wza	0
yjbG	bdm	0
yjbG	wzc	0
yjbG	yjbH	0
yjbG	yjbF	0
yjbG	yjbE	0
yjbG	ftsA	0
yjbG	ftsZ	0
yjbG	sdiA	0
yjbG	osmC	0
yjbG	sra	0
yjbG	csgE	0
yjbG	csgD	0
yjbG	csgF	0
yjbG	ompR	0
yjbG	csgG	0
yjbG	rstA	0
yjbG	cpxR	0
yjbG	ompF	0
yjbG	csgB	0
yjbG	csgA	0
yjbG	csgC	0
yjbG	ompC	0
yjbG	envY	0
yjbG	yccA	0
yjbG	rseB	0
yjbG	ecnB	0
yjbG	cheA	0
yjbG	dsbA	0
yjbG	rdoA	0
yjbG	ftnB	0
yjbG	tsr	0
yjbG	rseA	0
yjbG	yqjA	0
yjbG	bacA	0
yjbG	ydeH	0
yjbG	motB	0
yjbG	ppiD	0
yjbG	cpxP	0
yjbG	adrA	0
yjbG	iraP	0
yjbG	omrB	0
sdiA	wcaB	0
sdiA	rcsB	0
sdiA	rcsA	0
sdiA	osmB	0
sdiA	wcaA	0
sdiA	rprA	0
sdiA	wzb	0
sdiA	wza	0
sdiA	bdm	0
sdiA	wzc	0
sdiA	yjbH	0
sdiA	yjbF	0
sdiA	yjbE	0
sdiA	yjbG	0
sdiA	osmC	0
sdiA	sra	0
sdiA	csgE	0
sdiA	csgD	0
sdiA	csgF	0
sdiA	ompR	0
sdiA	csgG	0
sdiA	rstA	0
sdiA	cpxR	0
sdiA	ompF	0
sdiA	csgB	0
sdiA	csgA	0
sdiA	csgC	0
sdiA	ompC	0
sdiA	envY	0
sdiA	yccA	0
sdiA	rseB	0
sdiA	ecnB	0
sdiA	cheA	0
sdiA	dsbA	0
sdiA	rdoA	0
sdiA	ftnB	0
sdiA	tsr	0
sdiA	rseA	0
sdiA	yqjA	0
sdiA	bacA	0
sdiA	ydeH	0
sdiA	motB	0
sdiA	ppiD	0
sdiA	cpxP	0
sdiA	adrA	0
sdiA	iraP	0
sdiA	omrB	0
osmC	wcaB	0
osmC	rcsB	0
osmC	rcsA	0
osmC	osmB	0
osmC	wcaA	0
osmC	rprA	0
osmC	wzb	0
osmC	wza	0
osmC	bdm	0
osmC	wzc	0
osmC	yjbH	0
osmC	yjbF	0
osmC	yjbE	0
osmC	ftsA	0
osmC	ftsZ	0
osmC	yjbG	0
osmC	sdiA	0
osmC	sra	0
osmC	csgE	0
osmC	csgD	0
osmC	csgF	0
osmC	ompR	0
osmC	csgG	0
osmC	rstA	0
osmC	cpxR	0
osmC	ompF	0
osmC	csgB	0
osmC	csgA	0
osmC	csgC	0
osmC	ompC	0
osmC	envY	0
osmC	yccA	0
osmC	rseB	0
osmC	ecnB	0
osmC	cheA	0
osmC	dsbA	0
osmC	rdoA	0
osmC	ftnB	0
osmC	tsr	0
osmC	rseA	0
osmC	yqjA	0
osmC	bacA	0
osmC	ydeH	0
osmC	motB	0
osmC	ppiD	0
osmC	cpxP	0
osmC	adrA	0
osmC	iraP	0
osmC	omrB	0
sra	wcaB	0
sra	rcsB	0
sra	rcsA	0
sra	osmB	0
sra	wcaA	0
sra	rprA	0
sra	wzb	0
sra	wza	0
sra	bdm	0
sra	wzc	0
sra	yjbH	0
sra	yjbF	0
sra	yjbE	0
sra	ftsA	0
sra	ftsZ	0
sra	yjbG	0
sra	sdiA	0
sra	osmC	0
sra	csgE	0
sra	csgD	0
sra	csgF	0
sra	ompR	0
sra	csgG	0
sra	rstA	0
sra	cpxR	0
sra	ompF	0
sra	csgB	0
sra	csgA	0
sra	csgC	0
sra	ompC	0
sra	envY	0
sra	yccA	0
sra	rseB	0
sra	ecnB	0
sra	cheA	0
sra	dsbA	0
sra	rdoA	0
sra	ftnB	0
sra	tsr	0
sra	rseA	0
sra	yqjA	0
sra	bacA	0
sra	ydeH	0
sra	motB	0
sra	ppiD	0
sra	cpxP	0
sra	adrA	0
sra	iraP	0
sra	omrB	0
csgE	wcaB	0
csgE	rcsB	0
csgE	rcsA	0
csgE	osmB	0
csgE	wcaA	0
csgE	rprA	0
csgE	wzb	0
csgE	wza	0
csgE	bdm	0
csgE	wzc	0
csgE	yjbH	0
csgE	yjbF	0
csgE	yjbE	0
csgE	ftsA	0
csgE	ftsZ	0
csgE	yjbG	0
csgE	sdiA	0
csgE	osmC	0
csgE	sra	0
csgE	csgD	0
csgE	csgF	0
csgE	ompR	0
csgE	csgG	0
csgE	rstA	0
csgE	cpxR	0
csgE	ompF	0
csgE	csgB	0
csgE	csgA	0
csgE	csgC	0
csgE	ompC	0
csgE	envY	0
csgE	yccA	0
csgE	rseB	0
csgE	ecnB	0
csgE	cheA	0
csgE	dsbA	0
csgE	rdoA	0
csgE	ftnB	0
csgE	tsr	0
csgE	rseA	0
csgE	yqjA	0
csgE	bacA	0
csgE	ydeH	0
csgE	motB	0
csgE	ppiD	0
csgE	cpxP	0
csgE	adrA	0
csgE	iraP	0
csgE	omrB	0
csgD	wcaB	0
csgD	rcsB	0
csgD	rcsA	0
csgD	osmB	0
csgD	wcaA	0
csgD	rprA	0
csgD	wzb	0
csgD	wza	0
csgD	bdm	0
csgD	wzc	0
csgD	yjbH	0
csgD	yjbF	0
csgD	yjbE	0
csgD	ftsA	0
csgD	ftsZ	0
csgD	yjbG	0
csgD	sdiA	0
csgD	osmC	0
csgD	sra	0
csgD	ompR	0
csgD	rstA	0
csgD	cpxR	0
csgD	ompF	0
csgD	ompC	0
csgD	envY	0
csgD	yccA	0
csgD	rseB	0
csgD	ecnB	0
csgD	cheA	0
csgD	dsbA	0
csgD	rdoA	0
csgD	ftnB	0
csgD	tsr	0
csgD	rseA	0
csgD	yqjA	0
csgD	bacA	0
csgD	ydeH	0
csgD	motB	0
csgD	ppiD	0
csgD	cpxP	0
csgD	omrB	0
csgF	wcaB	0
csgF	rcsB	0
csgF	rcsA	0
csgF	osmB	0
csgF	wcaA	0
csgF	rprA	0
csgF	wzb	0
csgF	wza	0
csgF	bdm	0
csgF	wzc	0
csgF	yjbH	0
csgF	yjbF	0
csgF	yjbE	0
csgF	ftsA	0
csgF	ftsZ	0
csgF	yjbG	0
csgF	sdiA	0
csgF	osmC	0
csgF	sra	0
csgF	csgE	0
csgF	csgD	0
csgF	ompR	0
csgF	csgG	0
csgF	rstA	0
csgF	cpxR	0
csgF	ompF	0
csgF	csgB	0
csgF	csgA	0
csgF	csgC	0
csgF	ompC	0
csgF	envY	0
csgF	yccA	0
csgF	rseB	0
csgF	ecnB	0
csgF	cheA	0
csgF	dsbA	0
csgF	rdoA	0
csgF	ftnB	0
csgF	tsr	0
csgF	rseA	0
csgF	yqjA	0
csgF	bacA	0
csgF	ydeH	0
csgF	motB	0
csgF	ppiD	0
csgF	cpxP	0
csgF	adrA	0
csgF	iraP	0
csgF	omrB	0
ompR	wcaB	0
ompR	rcsB	0
ompR	rcsA	0
ompR	osmB	0
ompR	wcaA	0
ompR	rprA	0
ompR	wzb	0
ompR	wza	0
ompR	bdm	0
ompR	wzc	0
ompR	yjbH	0
ompR	yjbF	0
ompR	yjbE	0
ompR	ftsA	0
ompR	ftsZ	0
ompR	yjbG	0
ompR	sdiA	0
ompR	osmC	0
ompR	rstA	0
ompR	cpxR	0
ompR	csgB	0
ompR	csgA	0
ompR	csgC	0
ompR	envY	0
ompR	yccA	0
ompR	rseB	0
ompR	cheA	0
ompR	dsbA	0
ompR	rdoA	0
ompR	ftnB	0
ompR	tsr	0
ompR	rseA	0
ompR	yqjA	0
ompR	bacA	0
ompR	ydeH	0
ompR	motB	0
ompR	ppiD	0
ompR	cpxP	0
ompR	adrA	0
ompR	iraP	0
csgG	wcaB	0
csgG	rcsB	0
csgG	rcsA	0
csgG	osmB	0
csgG	wcaA	0
csgG	rprA	0
csgG	wzb	0
csgG	wza	0
csgG	bdm	0
csgG	wzc	0
csgG	yjbH	0
csgG	yjbF	0
csgG	yjbE	0
csgG	ftsA	0
csgG	ftsZ	0
csgG	yjbG	0
csgG	sdiA	0
csgG	osmC	0
csgG	sra	0
csgG	csgE	0
csgG	csgD	0
csgG	csgF	0
csgG	ompR	0
csgG	rstA	0
csgG	cpxR	0
csgG	ompF	0
csgG	csgB	0
csgG	csgA	0
csgG	csgC	0
csgG	ompC	0
csgG	envY	0
csgG	yccA	0
csgG	rseB	0
csgG	ecnB	0
csgG	cheA	0
csgG	dsbA	0
csgG	rdoA	0
csgG	ftnB	0
csgG	tsr	0
csgG	rseA	0
csgG	yqjA	0
csgG	bacA	0
csgG	ydeH	0
csgG	motB	0
csgG	ppiD	0
csgG	cpxP	0
csgG	adrA	0
csgG	iraP	0
csgG	omrB	0
rstA	wcaB	0
rstA	rcsB	0
rstA	rcsA	0
rstA	osmB	0
rstA	wcaA	0
rstA	rprA	0
rstA	wzb	0
rstA	wza	0
rstA	bdm	0
rstA	wzc	0
rstA	yjbH	0
rstA	yjbF	0
rstA	yjbE	0
rstA	ftsA	0
rstA	ftsZ	0
rstA	yjbG	0
rstA	sdiA	0
rstA	osmC	0
rstA	sra	0
rstA	ompR	0
rstA	cpxR	0
rstA	csgB	0
rstA	csgA	0
rstA	csgC	0
rstA	ompC	0
rstA	envY	0
rstA	yccA	0
rstA	rseB	0
rstA	ecnB	0
rstA	cheA	0
rstA	dsbA	0
rstA	rdoA	0
rstA	ftnB	0
rstA	tsr	0
rstA	rseA	0
rstA	yqjA	0
rstA	bacA	0
rstA	ydeH	0
rstA	motB	0
rstA	ppiD	0
rstA	cpxP	0
rstA	adrA	0
rstA	iraP	0
rstA	omrB	0
cpxR	wcaB	0
cpxR	rcsB	0
cpxR	rcsA	0
cpxR	osmB	0
cpxR	wcaA	0
cpxR	rprA	0
cpxR	wzb	0
cpxR	wza	0
cpxR	bdm	0
cpxR	wzc	0
cpxR	yjbH	0
cpxR	yjbF	0
cpxR	yjbE	0
cpxR	ftsA	0
cpxR	ftsZ	0
cpxR	yjbG	0
cpxR	sdiA	0
cpxR	osmC	0
cpxR	sra	0
cpxR	ompR	0
cpxR	rstA	0
cpxR	envY	0
cpxR	ecnB	0
cpxR	adrA	0
cpxR	iraP	0
cpxR	omrB	0
ompF	wcaB	0
ompF	rcsB	0
ompF	rcsA	0
ompF	osmB	0
ompF	wcaA	0
ompF	rprA	0
ompF	wzb	0
ompF	wza	0
ompF	bdm	0
ompF	wzc	0
ompF	yjbH	0
ompF	yjbF	0
ompF	yjbE	0
ompF	ftsA	0
ompF	ftsZ	0
ompF	yjbG	0
ompF	sdiA	0
ompF	osmC	0
ompF	sra	0
ompF	csgE	0
ompF	csgD	0
ompF	csgF	0
ompF	ompR	0
ompF	csgG	0
ompF	rstA	0
ompF	cpxR	0
ompF	csgB	0
ompF	csgA	0
ompF	csgC	0
ompF	ompC	0
ompF	envY	0
ompF	yccA	0
ompF	rseB	0
ompF	ecnB	0
ompF	cheA	0
ompF	dsbA	0
ompF	rdoA	0
ompF	ftnB	0
ompF	tsr	0
ompF	rseA	0
ompF	yqjA	0
ompF	bacA	0
ompF	ydeH	0
ompF	motB	0
ompF	ppiD	0
ompF	cpxP	0
ompF	adrA	0
ompF	iraP	0
ompF	omrB	0
csgB	wcaB	0
csgB	rcsB	0
csgB	rcsA	0
csgB	osmB	0
csgB	wcaA	0
csgB	rprA	0
csgB	wzb	0
csgB	wza	0
csgB	bdm	0
csgB	wzc	0
csgB	yjbH	0
csgB	yjbF	0
csgB	yjbE	0
csgB	ftsA	0
csgB	ftsZ	0
csgB	yjbG	0
csgB	sdiA	0
csgB	osmC	0
csgB	sra	0
csgB	csgE	0
csgB	csgD	0
csgB	csgF	0
csgB	ompR	0
csgB	csgG	0
csgB	rstA	0
csgB	cpxR	0
csgB	ompF	0
csgB	csgA	0
csgB	csgC	0
csgB	ompC	0
csgB	envY	0
csgB	yccA	0
csgB	rseB	0
csgB	ecnB	0
csgB	cheA	0
csgB	dsbA	0
csgB	rdoA	0
csgB	ftnB	0
csgB	tsr	0
csgB	rseA	0
csgB	yqjA	0
csgB	bacA	0
csgB	ydeH	0
csgB	motB	0
csgB	ppiD	0
csgB	cpxP	0
csgB	adrA	0
csgB	iraP	0
csgB	omrB	0
csgA	wcaB	0
csgA	rcsB	0
csgA	rcsA	0
csgA	osmB	0
csgA	wcaA	0
csgA	rprA	0
csgA	wzb	0
csgA	wza	0
csgA	bdm	0
csgA	wzc	0
csgA	yjbH	0
csgA	yjbF	0
csgA	yjbE	0
csgA	ftsA	0
csgA	ftsZ	0
csgA	yjbG	0
csgA	sdiA	0
csgA	osmC	0
csgA	sra	0
csgA	csgE	0
csgA	csgD	0
csgA	csgF	0
csgA	ompR	0
csgA	csgG	0
csgA	rstA	0
csgA	cpxR	0
csgA	ompF	0
csgA	csgB	0
csgA	csgC	0
csgA	ompC	0
csgA	envY	0
csgA	yccA	0
csgA	rseB	0
csgA	ecnB	0
csgA	cheA	0
csgA	dsbA	0
csgA	rdoA	0
csgA	ftnB	0
csgA	tsr	0
csgA	rseA	0
csgA	yqjA	0
csgA	bacA	0
csgA	ydeH	0
csgA	motB	0
csgA	ppiD	0
csgA	cpxP	0
csgA	adrA	0
csgA	iraP	0
csgA	omrB	0
csgC	wcaB	0
csgC	rcsB	0
csgC	rcsA	0
csgC	osmB	0
csgC	wcaA	0
csgC	rprA	0
csgC	wzb	0
csgC	wza	0
csgC	bdm	0
csgC	wzc	0
csgC	yjbH	0
csgC	yjbF	0
csgC	yjbE	0
csgC	ftsA	0
csgC	ftsZ	0
csgC	yjbG	0
csgC	sdiA	0
csgC	osmC	0
csgC	sra	0
csgC	csgE	0
csgC	csgD	0
csgC	csgF	0
csgC	ompR	0
csgC	csgG	0
csgC	rstA	0
csgC	cpxR	0
csgC	ompF	0
csgC	csgB	0
csgC	csgA	0
csgC	ompC	0
csgC	envY	0
csgC	yccA	0
csgC	rseB	0
csgC	ecnB	0
csgC	cheA	0
csgC	dsbA	0
csgC	rdoA	0
csgC	ftnB	0
csgC	tsr	0
csgC	rseA	0
csgC	yqjA	0
csgC	bacA	0
csgC	ydeH	0
csgC	motB	0
csgC	ppiD	0
csgC	cpxP	0
csgC	adrA	0
csgC	iraP	0
csgC	omrB	0
ompC	wcaB	0
ompC	rcsB	0
ompC	rcsA	0
ompC	osmB	0
ompC	wcaA	0
ompC	rprA	0
ompC	wzb	0
ompC	wza	0
ompC	bdm	0
ompC	wzc	0
ompC	yjbH	0
ompC	yjbF	0
ompC	yjbE	0
ompC	ftsA	0
ompC	ftsZ	0
ompC	yjbG	0
ompC	sdiA	0
ompC	osmC	0
ompC	sra	0
ompC	csgE	0
ompC	csgD	0
ompC	csgF	0
ompC	ompR	0
ompC	csgG	0
ompC	rstA	0
ompC	cpxR	0
ompC	ompF	0
ompC	csgB	0
ompC	csgA	0
ompC	csgC	0
ompC	envY	0
ompC	yccA	0
ompC	rseB	0
ompC	ecnB	0
ompC	cheA	0
ompC	dsbA	0
ompC	rdoA	0
ompC	ftnB	0
ompC	tsr	0
ompC	rseA	0
ompC	yqjA	0
ompC	bacA	0
ompC	ydeH	0
ompC	motB	0
ompC	ppiD	0
ompC	cpxP	0
ompC	adrA	0
ompC	iraP	0
ompC	omrB	0
envY	wcaB	0
envY	rcsB	0
envY	rcsA	0
envY	osmB	0
envY	wcaA	0
envY	rprA	0
envY	wzb	0
envY	wza	0
envY	bdm	0
envY	wzc	0
envY	yjbH	0
envY	yjbF	0
envY	yjbE	0
envY	ftsA	0
envY	ftsZ	0
envY	yjbG	0
envY	sdiA	0
envY	osmC	0
envY	sra	0
envY	csgE	0
envY	csgD	0
envY	csgF	0
envY	ompR	0
envY	csgG	0
envY	rstA	0
envY	cpxR	0
envY	csgB	0
envY	csgA	0
envY	csgC	0
envY	yccA	0
envY	rseB	0
envY	ecnB	0
envY	cheA	0
envY	dsbA	0
envY	rdoA	0
envY	ftnB	0
envY	tsr	0
envY	rseA	0
envY	yqjA	0
envY	bacA	0
envY	ydeH	0
envY	motB	0
envY	ppiD	0
envY	cpxP	0
envY	adrA	0
envY	iraP	0
envY	omrB	0
yccA	wcaB	0
yccA	rcsB	0
yccA	rcsA	0
yccA	osmB	0
yccA	wcaA	0
yccA	rprA	0
yccA	wzb	0
yccA	wza	0
yccA	bdm	0
yccA	wzc	0
yccA	yjbH	0
yccA	yjbF	0
yccA	yjbE	0
yccA	ftsA	0
yccA	ftsZ	0
yccA	yjbG	0
yccA	sdiA	0
yccA	osmC	0
yccA	sra	0
yccA	csgE	0
yccA	csgD	0
yccA	csgF	0
yccA	ompR	0
yccA	csgG	0
yccA	rstA	0
yccA	cpxR	0
yccA	ompF	0
yccA	csgB	0
yccA	csgA	0
yccA	csgC	0
yccA	ompC	0
yccA	envY	0
yccA	rseB	0
yccA	ecnB	0
yccA	cheA	0
yccA	dsbA	0
yccA	rdoA	0
yccA	ftnB	0
yccA	tsr	0
yccA	rseA	0
yccA	yqjA	0
yccA	bacA	0
yccA	ydeH	0
yccA	motB	0
yccA	ppiD	0
yccA	cpxP	0
yccA	adrA	0
yccA	iraP	0
yccA	omrB	0
rseB	wcaB	0
rseB	rcsB	0
rseB	rcsA	0
rseB	osmB	0
rseB	wcaA	0
rseB	rprA	0
rseB	wzb	0
rseB	wza	0
rseB	bdm	0
rseB	wzc	0
rseB	yjbH	0
rseB	yjbF	0
rseB	yjbE	0
rseB	ftsA	0
rseB	ftsZ	0
rseB	yjbG	0
rseB	sdiA	0
rseB	osmC	0
rseB	sra	0
rseB	csgE	0
rseB	csgD	0
rseB	csgF	0
rseB	ompR	0
rseB	csgG	0
rseB	rstA	0
rseB	cpxR	0
rseB	ompF	0
rseB	csgB	0
rseB	csgA	0
rseB	csgC	0
rseB	ompC	0
rseB	envY	0
rseB	yccA	0
rseB	ecnB	0
rseB	cheA	0
rseB	dsbA	0
rseB	rdoA	0
rseB	ftnB	0
rseB	tsr	0
rseB	rseA	0
rseB	yqjA	0
rseB	bacA	0
rseB	ydeH	0
rseB	motB	0
rseB	ppiD	0
rseB	cpxP	0
rseB	adrA	0
rseB	iraP	0
rseB	omrB	0
ecnB	wcaB	0
ecnB	rcsB	0
ecnB	rcsA	0
ecnB	osmB	0
ecnB	wcaA	0
ecnB	rprA	0
ecnB	wzb	0
ecnB	wza	0
ecnB	bdm	0
ecnB	wzc	0
ecnB	yjbH	0
ecnB	yjbF	0
ecnB	yjbE	0
ecnB	ftsA	0
ecnB	ftsZ	0
ecnB	yjbG	0
ecnB	sdiA	0
ecnB	osmC	0
ecnB	sra	0
ecnB	csgE	0
ecnB	csgD	0
ecnB	csgF	0
ecnB	ompR	0
ecnB	csgG	0
ecnB	rstA	0
ecnB	cpxR	0
ecnB	ompF	0
ecnB	csgB	0
ecnB	csgA	0
ecnB	csgC	0
ecnB	ompC	0
ecnB	envY	0
ecnB	yccA	0
ecnB	rseB	0
ecnB	cheA	0
ecnB	dsbA	0
ecnB	rdoA	0
ecnB	ftnB	0
ecnB	tsr	0
ecnB	rseA	0
ecnB	yqjA	0
ecnB	bacA	0
ecnB	ydeH	0
ecnB	motB	0
ecnB	ppiD	0
ecnB	cpxP	0
ecnB	adrA	0
ecnB	iraP	0
ecnB	omrB	0
cheA	wcaB	0
cheA	rcsB	0
cheA	rcsA	0
cheA	osmB	0
cheA	wcaA	0
cheA	rprA	0
cheA	wzb	0
cheA	wza	0
cheA	bdm	0
cheA	wzc	0
cheA	yjbH	0
cheA	yjbF	0
cheA	yjbE	0
cheA	ftsA	0
cheA	ftsZ	0
cheA	yjbG	0
cheA	sdiA	0
cheA	osmC	0
cheA	sra	0
cheA	csgE	0
cheA	csgD	0
cheA	csgF	0
cheA	ompR	0
cheA	csgG	0
cheA	rstA	0
cheA	cpxR	0
cheA	ompF	0
cheA	csgB	0
cheA	csgA	0
cheA	csgC	0
cheA	ompC	0
cheA	envY	0
cheA	yccA	0
cheA	rseB	0
cheA	ecnB	0
cheA	dsbA	0
cheA	rdoA	0
cheA	ftnB	0
cheA	tsr	0
cheA	rseA	0
cheA	yqjA	0
cheA	bacA	0
cheA	ydeH	0
cheA	motB	0
cheA	ppiD	0
cheA	cpxP	0
cheA	adrA	0
cheA	iraP	0
cheA	omrB	0
dsbA	wcaB	0
dsbA	rcsB	0
dsbA	rcsA	0
dsbA	osmB	0
dsbA	wcaA	0
dsbA	rprA	0
dsbA	wzb	0
dsbA	wza	0
dsbA	bdm	0
dsbA	wzc	0
dsbA	yjbH	0
dsbA	yjbF	0
dsbA	yjbE	0
dsbA	ftsA	0
dsbA	ftsZ	0
dsbA	yjbG	0
dsbA	sdiA	0
dsbA	osmC	0
dsbA	sra	0
dsbA	csgE	0
dsbA	csgD	0
dsbA	csgF	0
dsbA	ompR	0
dsbA	csgG	0
dsbA	rstA	0
dsbA	cpxR	0
dsbA	ompF	0
dsbA	csgB	0
dsbA	csgA	0
dsbA	csgC	0
dsbA	ompC	0
dsbA	envY	0
dsbA	yccA	0
dsbA	rseB	0
dsbA	ecnB	0
dsbA	cheA	0
dsbA	rdoA	0
dsbA	ftnB	0
dsbA	tsr	0
dsbA	rseA	0
dsbA	yqjA	0
dsbA	bacA	0
dsbA	ydeH	0
dsbA	motB	0
dsbA	ppiD	0
dsbA	cpxP	0
dsbA	adrA	0
dsbA	iraP	0
dsbA	omrB	0
rdoA	wcaB	0
rdoA	rcsB	0
rdoA	rcsA	0
rdoA	osmB	0
rdoA	wcaA	0
rdoA	rprA	0
rdoA	wzb	0
rdoA	wza	0
rdoA	bdm	0
rdoA	wzc	0
rdoA	yjbH	0
rdoA	yjbF	0
rdoA	yjbE	0
rdoA	ftsA	0
rdoA	ftsZ	0
rdoA	yjbG	0
rdoA	sdiA	0
rdoA	osmC	0
rdoA	sra	0
rdoA	csgE	0
rdoA	csgD	0
rdoA	csgF	0
rdoA	ompR	0
rdoA	csgG	0
rdoA	rstA	0
rdoA	cpxR	0
rdoA	ompF	0
rdoA	csgB	0
rdoA	csgA	0
rdoA	csgC	0
rdoA	ompC	0
rdoA	envY	0
rdoA	yccA	0
rdoA	rseB	0
rdoA	ecnB	0
rdoA	cheA	0
rdoA	dsbA	0
rdoA	ftnB	0
rdoA	tsr	0
rdoA	rseA	0
rdoA	yqjA	0
rdoA	bacA	0
rdoA	ydeH	0
rdoA	motB	0
rdoA	ppiD	0
rdoA	cpxP	0
rdoA	adrA	0
rdoA	iraP	0
rdoA	omrB	0
ftnB	wcaB	0
ftnB	rcsB	0
ftnB	rcsA	0
ftnB	osmB	0
ftnB	wcaA	0
ftnB	rprA	0
ftnB	wzb	0
ftnB	wza	0
ftnB	bdm	0
ftnB	wzc	0
ftnB	yjbH	0
ftnB	yjbF	0
ftnB	yjbE	0
ftnB	ftsA	0
ftnB	ftsZ	0
ftnB	yjbG	0
ftnB	sdiA	0
ftnB	osmC	0
ftnB	sra	0
ftnB	csgE	0
ftnB	csgD	0
ftnB	csgF	0
ftnB	ompR	0
ftnB	csgG	0
ftnB	rstA	0
ftnB	cpxR	0
ftnB	ompF	0
ftnB	csgB	0
ftnB	csgA	0
ftnB	csgC	0
ftnB	ompC	0
ftnB	envY	0
ftnB	yccA	0
ftnB	rseB	0
ftnB	ecnB	0
ftnB	cheA	0
ftnB	dsbA	0
ftnB	rdoA	0
ftnB	tsr	0
ftnB	rseA	0
ftnB	yqjA	0
ftnB	bacA	0
ftnB	ydeH	0
ftnB	motB	0
ftnB	ppiD	0
ftnB	cpxP	0
ftnB	adrA	0
ftnB	iraP	0
ftnB	omrB	0
tsr	wcaB	0
tsr	rcsB	0
tsr	rcsA	0
tsr	osmB	0
tsr	wcaA	0
tsr	rprA	0
tsr	wzb	0
tsr	wza	0
tsr	bdm	0
tsr	wzc	0
tsr	yjbH	0
tsr	yjbF	0
tsr	yjbE	0
tsr	ftsA	0
tsr	ftsZ	0
tsr	yjbG	0
tsr	sdiA	0
tsr	osmC	0
tsr	sra	0
tsr	csgE	0
tsr	csgD	0
tsr	csgF	0
tsr	ompR	0
tsr	csgG	0
tsr	rstA	0
tsr	cpxR	0
tsr	ompF	0
tsr	csgB	0
tsr	csgA	0
tsr	csgC	0
tsr	ompC	0
tsr	envY	0
tsr	yccA	0
tsr	rseB	0
tsr	ecnB	0
tsr	cheA	0
tsr	dsbA	0
tsr	rdoA	0
tsr	ftnB	0
tsr	rseA	0
tsr	yqjA	0
tsr	bacA	0
tsr	ydeH	0
tsr	motB	0
tsr	ppiD	0
tsr	cpxP	0
tsr	adrA	0
tsr	iraP	0
tsr	omrB	0
rseA	wcaB	0
rseA	rcsB	0
rseA	rcsA	0
rseA	osmB	0
rseA	wcaA	0
rseA	rprA	0
rseA	wzb	0
rseA	wza	0
rseA	bdm	0
rseA	wzc	0
rseA	yjbH	0
rseA	yjbF	0
rseA	yjbE	0
rseA	ftsA	0
rseA	ftsZ	0
rseA	yjbG	0
rseA	sdiA	0
rseA	osmC	0
rseA	sra	0
rseA	csgE	0
rseA	csgD	0
rseA	csgF	0
rseA	ompR	0
rseA	csgG	0
rseA	rstA	0
rseA	cpxR	0
rseA	ompF	0
rseA	csgB	0
rseA	csgA	0
rseA	csgC	0
rseA	ompC	0
rseA	envY	0
rseA	yccA	0
rseA	rseB	0
rseA	ecnB	0
rseA	cheA	0
rseA	dsbA	0
rseA	rdoA	0
rseA	ftnB	0
rseA	tsr	0
rseA	yqjA	0
rseA	bacA	0
rseA	ydeH	0
rseA	motB	0
rseA	ppiD	0
rseA	cpxP	0
rseA	adrA	0
rseA	iraP	0
rseA	omrB	0
yqjA	wcaB	0
yqjA	rcsB	0
yqjA	rcsA	0
yqjA	osmB	0
yqjA	wcaA	0
yqjA	rprA	0
yqjA	wzb	0
yqjA	wza	0
yqjA	bdm	0
yqjA	wzc	0
yqjA	yjbH	0
yqjA	yjbF	0
yqjA	yjbE	0
yqjA	ftsA	0
yqjA	ftsZ	0
yqjA	yjbG	0
yqjA	sdiA	0
yqjA	osmC	0
yqjA	sra	0
yqjA	csgE	0
yqjA	csgD	0
yqjA	csgF	0
yqjA	ompR	0
yqjA	csgG	0
yqjA	rstA	0
yqjA	cpxR	0
yqjA	ompF	0
yqjA	csgB	0
yqjA	csgA	0
yqjA	csgC	0
yqjA	ompC	0
yqjA	envY	0
yqjA	yccA	0
yqjA	rseB	0
yqjA	ecnB	0
yqjA	cheA	0
yqjA	dsbA	0
yqjA	rdoA	0
yqjA	ftnB	0
yqjA	tsr	0
yqjA	rseA	0
yqjA	bacA	0
yqjA	ydeH	0
yqjA	motB	0
yqjA	ppiD	0
yqjA	cpxP	0
yqjA	adrA	0
yqjA	iraP	0
yqjA	omrB	0
bacA	wcaB	0
bacA	rcsB	0
bacA	rcsA	0
bacA	osmB	0
bacA	wcaA	0
bacA	rprA	0
bacA	wzb	0
bacA	wza	0
bacA	bdm	0
bacA	wzc	0
bacA	yjbH	0
bacA	yjbF	0
bacA	yjbE	0
bacA	ftsA	0
bacA	ftsZ	0
bacA	yjbG	0
bacA	sdiA	0
bacA	osmC	0
bacA	sra	0
bacA	csgE	0
bacA	csgD	0
bacA	csgF	0
bacA	ompR	0
bacA	csgG	0
bacA	rstA	0
bacA	cpxR	0
bacA	ompF	0
bacA	csgB	0
bacA	csgA	0
bacA	csgC	0
bacA	ompC	0
bacA	envY	0
bacA	yccA	0
bacA	rseB	0
bacA	ecnB	0
bacA	cheA	0
bacA	dsbA	0
bacA	rdoA	0
bacA	ftnB	0
bacA	tsr	0
bacA	rseA	0
bacA	yqjA	0
bacA	ydeH	0
bacA	motB	0
bacA	ppiD	0
bacA	cpxP	0
bacA	adrA	0
bacA	iraP	0
bacA	omrB	0
ydeH	wcaB	0
ydeH	rcsB	0
ydeH	rcsA	0
ydeH	osmB	0
ydeH	wcaA	0
ydeH	rprA	0
ydeH	wzb	0
ydeH	wza	0
ydeH	bdm	0
ydeH	wzc	0
ydeH	yjbH	0
ydeH	yjbF	0
ydeH	yjbE	0
ydeH	ftsA	0
ydeH	ftsZ	0
ydeH	yjbG	0
ydeH	sdiA	0
ydeH	osmC	0
ydeH	sra	0
ydeH	csgE	0
ydeH	csgD	0
ydeH	csgF	0
ydeH	ompR	0
ydeH	csgG	0
ydeH	rstA	0
ydeH	cpxR	0
ydeH	ompF	0
ydeH	csgB	0
ydeH	csgA	0
ydeH	csgC	0
ydeH	ompC	0
ydeH	envY	0
ydeH	yccA	0
ydeH	rseB	0
ydeH	ecnB	0
ydeH	cheA	0
ydeH	dsbA	0
ydeH	rdoA	0
ydeH	ftnB	0
ydeH	tsr	0
ydeH	rseA	0
ydeH	yqjA	0
ydeH	bacA	0
ydeH	motB	0
ydeH	ppiD	0
ydeH	cpxP	0
ydeH	adrA	0
ydeH	iraP	0
ydeH	omrB	0
motB	wcaB	0
motB	rcsB	0
motB	rcsA	0
motB	osmB	0
motB	wcaA	0
motB	rprA	0
motB	wzb	0
motB	wza	0
motB	bdm	0
motB	wzc	0
motB	yjbH	0
motB	yjbF	0
motB	yjbE	0
motB	ftsA	0
motB	ftsZ	0
motB	yjbG	0
motB	sdiA	0
motB	osmC	0
motB	sra	0
motB	csgE	0
motB	csgD	0
motB	csgF	0
motB	ompR	0
motB	csgG	0
motB	rstA	0
motB	cpxR	0
motB	ompF	0
motB	csgB	0
motB	csgA	0
motB	csgC	0
motB	ompC	0
motB	envY	0
motB	yccA	0
motB	rseB	0
motB	ecnB	0
motB	cheA	0
motB	dsbA	0
motB	rdoA	0
motB	ftnB	0
motB	tsr	0
motB	rseA	0
motB	yqjA	0
motB	bacA	0
motB	ydeH	0
motB	ppiD	0
motB	cpxP	0
motB	adrA	0
motB	iraP	0
motB	omrB	0
ppiD	wcaB	0
ppiD	rcsB	0
ppiD	rcsA	0
ppiD	osmB	0
ppiD	wcaA	0
ppiD	rprA	0
ppiD	wzb	0
ppiD	wza	0
ppiD	bdm	0
ppiD	wzc	0
ppiD	yjbH	0
ppiD	yjbF	0
ppiD	yjbE	0
ppiD	ftsA	0
ppiD	ftsZ	0
ppiD	yjbG	0
ppiD	sdiA	0
ppiD	osmC	0
ppiD	sra	0
ppiD	csgE	0
ppiD	csgD	0
ppiD	csgF	0
ppiD	ompR	0
ppiD	csgG	0
ppiD	rstA	0
ppiD	cpxR	0
ppiD	ompF	0
ppiD	csgB	0
ppiD	csgA	0
ppiD	csgC	0
ppiD	ompC	0
ppiD	envY	0
ppiD	yccA	0
ppiD	rseB	0
ppiD	ecnB	0
ppiD	cheA	0
ppiD	dsbA	0
ppiD	rdoA	0
ppiD	ftnB	0
ppiD	tsr	0
ppiD	rseA	0
ppiD	yqjA	0
ppiD	bacA	0
ppiD	ydeH	0
ppiD	motB	0
ppiD	cpxP	0
ppiD	adrA	0
ppiD	iraP	0
ppiD	omrB	0
cpxP	wcaB	0
cpxP	rcsB	0
cpxP	rcsA	0
cpxP	osmB	0
cpxP	wcaA	0
cpxP	rprA	0
cpxP	wzb	0
cpxP	wza	0
cpxP	bdm	0
cpxP	wzc	0
cpxP	yjbH	0
cpxP	yjbF	0
cpxP	yjbE	0
cpxP	ftsA	0
cpxP	ftsZ	0
cpxP	yjbG	0
cpxP	sdiA	0
cpxP	osmC	0
cpxP	sra	0
cpxP	csgE	0
cpxP	csgD	0
cpxP	csgF	0
cpxP	ompR	0
cpxP	csgG	0
cpxP	rstA	0
cpxP	cpxR	0
cpxP	ompF	0
cpxP	csgB	0
cpxP	csgA	0
cpxP	csgC	0
cpxP	ompC	0
cpxP	envY	0
cpxP	yccA	0
cpxP	rseB	0
cpxP	ecnB	0
cpxP	cheA	0
cpxP	dsbA	0
cpxP	rdoA	0
cpxP	ftnB	0
cpxP	tsr	0
cpxP	rseA	0
cpxP	yqjA	0
cpxP	bacA	0
cpxP	ydeH	0
cpxP	motB	0
cpxP	ppiD	0
cpxP	adrA	0
cpxP	iraP	0
cpxP	omrB	0
adrA	wcaB	0
adrA	rcsB	0
adrA	rcsA	0
adrA	osmB	0
adrA	wcaA	0
adrA	rprA	0
adrA	wzb	0
adrA	wza	0
adrA	bdm	0
adrA	wzc	0
adrA	yjbH	0
adrA	yjbF	0
adrA	yjbE	0
adrA	ftsA	0
adrA	ftsZ	0
adrA	yjbG	0
adrA	sdiA	0
adrA	osmC	0
adrA	sra	0
adrA	csgE	0
adrA	csgD	0
adrA	csgF	0
adrA	ompR	0
adrA	csgG	0
adrA	rstA	0
adrA	cpxR	0
adrA	ompF	0
adrA	csgB	0
adrA	csgA	0
adrA	csgC	0
adrA	ompC	0
adrA	envY	0
adrA	yccA	0
adrA	rseB	0
adrA	ecnB	0
adrA	cheA	0
adrA	dsbA	0
adrA	rdoA	0
adrA	ftnB	0
adrA	tsr	0
adrA	rseA	0
adrA	yqjA	0
adrA	bacA	0
adrA	ydeH	0
adrA	motB	0
adrA	ppiD	0
adrA	cpxP	0
adrA	iraP	0
adrA	omrB	0
iraP	wcaB	0
iraP	rcsB	0
iraP	rcsA	0
iraP	osmB	0
iraP	wcaA	0
iraP	rprA	0
iraP	wzb	0
iraP	wza	0
iraP	bdm	0
iraP	wzc	0
iraP	yjbH	0
iraP	yjbF	0
iraP	yjbE	0
iraP	ftsA	0
iraP	ftsZ	0
iraP	yjbG	0
iraP	sdiA	0
iraP	osmC	0
iraP	sra	0
iraP	csgE	0
iraP	csgD	0
iraP	csgF	0
iraP	ompR	0
iraP	csgG	0
iraP	rstA	0
iraP	cpxR	0
iraP	ompF	0
iraP	csgB	0
iraP	csgA	0
iraP	csgC	0
iraP	ompC	0
iraP	envY	0
iraP	yccA	0
iraP	rseB	0
iraP	ecnB	0
iraP	cheA	0
iraP	dsbA	0
iraP	rdoA	0
iraP	ftnB	0
iraP	tsr	0
iraP	rseA	0
iraP	yqjA	0
iraP	bacA	0
iraP	ydeH	0
iraP	motB	0
iraP	ppiD	0
iraP	cpxP	0
iraP	adrA	0
iraP	omrB	0
omrB	wcaB	0
omrB	rcsB	0
omrB	rcsA	0
omrB	osmB	0
omrB	wcaA	0
omrB	rprA	0
omrB	wzb	0
omrB	wza	0
omrB	bdm	0
omrB	wzc	0
omrB	yjbH	0
omrB	yjbF	0
omrB	yjbE	0
omrB	ftsA	0
omrB	ftsZ	0
omrB	yjbG	0
omrB	sdiA	0
omrB	osmC	0
omrB	sra	0
omrB	csgE	0
omrB	csgD	0
omrB	csgF	0
omrB	ompR	0
omrB	csgG	0
omrB	rstA	0
omrB	cpxR	0
omrB	ompF	0
omrB	csgB	0
omrB	csgA	0
omrB	csgC	0
omrB	ompC	0
omrB	envY	0
omrB	yccA	0
omrB	rseB	0
omrB	ecnB	0
omrB	cheA	0
omrB	dsbA	0
omrB	rdoA	0
omrB	ftnB	0
omrB	tsr	0
omrB	rseA	0
omrB	yqjA	0
omrB	bacA	0
omrB	ydeH	0
omrB	motB	0
omrB	ppiD	0
omrB	cpxP	0
omrB	adrA	0
omrB	iraP	0
